lambda_1,lambda_2,average_hitting_cost,long_term_cost,total_objective,average_sum_switching_cost,maximum_average_entity_burden
0.6,0.1,0.001982904600613757,6.723379681186315e-05,0.00205013839742562,0.00011645235206390933,6.723379681186315e-05
1.0,0.25,0.001967283096729373,8.601610975498932e-05,0.0020532992064843623,0.0001489842723650625,8.601610975498932e-05
0.4,0.1,0.0019552928099554356,0.0001002031619760787,0.0020554959719315145,0.00017355696762162145,0.0001002031619760787
0.8,0.1,0.0020077727592250146,4.922483538752991e-05,0.0020569975946125446,8.525991588541656e-05,4.922483538752991e-05
0.8,0.25,0.001953335372309268,0.00010611207524807488,0.002059447447557343,0.00018379150562623808,0.00010611207524807488
1.0,0.1,0.0020301252010488297,3.805205934260698e-05,0.0020681772603914367,6.590810011402125e-05,3.805205934260698e-05
0.6,0.25,0.0019389870607571255,0.0001361367396681434,0.002075123800425269,0.00023579574988200197,0.0001361367396681434
1.0,0.5,0.0019348753500604487,0.0001502527305241378,0.0020851280805845866,0.00026024536324376296,0.0001502527305241378
0.2,0.1,0.001925896668510522,0.00017741163172266632,0.0021033083002331885,0.00030728595999735626,0.00017741163172266632
0.8,0.5,0.0019270489733310813,0.00017803752405494116,0.0021050864973860225,0.0003083700373169242,0.00017803752405494116
0.4,0.25,0.0019246592238101104,0.000185898346843798,0.0021105575706539086,0.00032198538177651904,0.000185898346843798
1.0,0.8,0.001921273401097268,0.00020811481551207865,0.0021293882166093466,0.0003604654342747436,0.00020811481551207865
0.6,0.5,0.0019194567057402522,0.00021715125161657475,0.002136607957356827,0.0003761170007270825,0.00021715125161657475
0.8,0.8,0.0019164891358006285,0.00024001185984128112,0.0021565009956419096,0.00041571273566419855,0.00024001185984128112
0.4,0.5,0.0019123310125148793,0.000276697611364029,0.002189028623878908,0.00047925432121544826,0.000276697611364029
0.6,0.8,0.0019119809629524922,0.00028286365525793803,0.0021948446182104304,0.000489934222521398,0.00028286365525793803
0.2,0.25,0.001911349688832549,0.00028560135241241215,0.0021969510412449614,0.0004946760530886808,0.00028560135241241215
0.4,0.8,0.0019079509779775863,0.00034372677421913215,0.0022516777521967186,0.0005953522368692913,0.00034372677421913215
0.2,0.5,0.0019063659506448948,0.00037931337370322103,0.0022856793243481157,0.0006569900352443405,0.00037931337370322103
0.2,0.8,0.0019047848115325164,0.00043783523311175996,0.0023426200446442762,0.0007583528690933261,0.00043783523311175996
