eta,kappa_initial,validation_windows,average_hitting_cost,long_term_cost,total_objective,objective_std,average_switching_magnitude
1e-05,0.1,100,0.0026256276950922075,0.0011445166679610675,0.0037701443630532745,0.001305312477073746,0.0019823610190180074
1e-06,0.1,100,0.0026256199804524497,0.0011445277622942436,0.0037701477427466937,0.0013053124169394657,0.0019823802349667437
1e-07,0.1,100,0.002625619207808776,0.0011445288730228278,0.0037701480808316036,0.0013053124109079772,0.001982382158805086
1e-05,0.075,100,0.002456754005955081,0.0014584796322593995,0.00391523363821448,0.0013063628646849043,0.0025261608248776522
1e-06,0.075,100,0.0024567449880527866,0.001458500825250473,0.00391524581330326,0.0013063634769758508,0.002526197532214956
1e-07,0.075,100,0.0024567440862511562,0.0014585029446643482,0.003915247030915504,0.0013063635382283595,0.0025262012031474694
1e-07,0.2,100,0.0033059459923844375,0.0006123536359838407,0.003918299628368279,0.0013554948342604386,0.0010606276097235496
1e-06,0.2,100,0.0033059464683274247,0.0006123534335853659,0.00391829990191279,0.0013554948972666733,0.0010606272591591076
1e-05,0.2,100,0.003305951227741654,0.0006123514096256722,0.003918302637367327,0.0013554955273313418,0.0010606237535580856
1e-05,0.05,100,0.0022906872374207883,0.002005110637231368,0.004295797874652155,0.0013254403840159362,0.0034729534984815364
1e-06,0.05,100,0.0022906769581462543,0.002005156788848394,0.004295833746994648,0.0013254435359348758,0.003473033435427076
1e-07,0.05,100,0.0022906759301460937,0.0020051614049892124,0.004295837335135306,0.001325443851127721,0.00347304143081751
1e-05,0.025,100,0.0021332908990558423,0.003200199403407924,0.005333490302463767,0.0014000625653525758,0.0055429079610541335
1e-06,0.025,100,0.0021332817864743083,0.003200310227888387,0.005333592014362695,0.001400064239210614,0.005543099914685018
1e-07,0.025,100,0.0021332808751889664,0.0032003213131252956,0.005333602188314262,0.001400064407120662,0.005543119114878557
1e-05,0.01,100,0.0020537258018095954,0.004962180046399689,0.007015905848209284,0.0015443997824238,0.008594747956668747
1e-06,0.01,100,0.002053722307170767,0.004962313893223426,0.007016036200394194,0.001544353950408759,0.008594979786167896
1e-07,0.01,100,0.0020537219577908936,0.004962327284428024,0.007016049242218918,0.0015443493656738807,0.008595002980414632
