window,start_slot,algorithm,hitting_cost,long_term_cost,total_cost
0,0,GRD,0.4205216135861986,0.6522976821538512,1.0728192957400497
0,0,ROBD-SUM,0.4240999777958664,0.31587897296606754,0.7399789507619339
0,0,ROBD-MAX,0.4235115171267304,0.33997309784411334,0.7634846149708437
0,0,MROO,0.46448842684065533,0.0045877490100579964,0.4690761758507133
1,8640,GRD,0.43251866924274973,0.6472492124691899,1.0797678817119396
1,8640,ROBD-SUM,0.43608501369249814,0.3158517798072721,0.7519367934997703
1,8640,ROBD-MAX,0.4354906228831397,0.3391691314406953,0.774659754323835
1,8640,MROO,0.4763502641151829,0.004589230277584799,0.4809394943927677
2,17280,GRD,0.44349180809488276,0.6675988000297021,1.1110906081245848
2,17280,ROBD-SUM,0.4471803755225394,0.32677267423033024,0.7739530497528697
2,17280,ROBD-MAX,0.44657846282885294,0.3503488069834944,0.7969272698123473
2,17280,MROO,0.4894742810165954,0.004816953053647332,0.4942912340702427
3,25920,GRD,0.44025514594877124,0.6681900932352578,1.1084452391840292
3,25920,ROBD-SUM,0.4439718120469899,0.32802494383185704,0.771996755878847
3,25920,ROBD-MAX,0.44334737766254945,0.3526196377390391,0.7959670154015885
3,25920,MROO,0.486993155038448,0.004908214786296258,0.49190136982474425
4,34560,GRD,0.4197336694694497,0.6807630537999688,1.1004967232694185
4,34560,ROBD-SUM,0.42352484833733967,0.3323326974149125,0.7558575457522522
4,34560,ROBD-MAX,0.42289236528584107,0.35675366616810905,0.7796460314539502
4,34560,MROO,0.466390302263917,0.005089346244899317,0.4714796485088163
5,43200,GRD,0.3131738159172125,0.985744105039842,1.2989179209570545
5,43200,ROBD-SUM,0.3187312474433243,0.47739999715821674,0.796131244601541
5,43200,ROBD-MAX,0.3178333432551101,0.511613259817724,0.829446603072834
5,43200,MROO,0.3779850951688205,0.007809259712121278,0.38579435488094177
6,51840,GRD,0.30447820082192295,1.0075505077950333,1.3120287086169562
6,51840,ROBD-SUM,0.31015279150506575,0.482206099404367,0.7923588909094328
6,51840,ROBD-MAX,0.30919228761566836,0.5184892600374975,0.8276815476531658
6,51840,MROO,0.36906800863412537,0.008051739198060466,0.3771197478321858
7,3304,GRD,0.4286188585747516,0.6454535559782074,1.074072414552959
7,3304,ROBD-SUM,0.4321696140800139,0.31322864019382285,0.7453982542738368
7,3304,ROBD-MAX,0.4315677686150388,0.3371164626043439,0.7686842312193827
7,3304,MROO,0.47287683032942934,0.004657512103390175,0.4775343424328195
8,38586,GRD,0.410345370933536,0.7988537252935777,1.2091990962271137
8,38586,ROBD-SUM,0.41480366526588325,0.38651733471532845,0.8013209999812116
8,38586,ROBD-MAX,0.41409657414284984,0.4135699291144809,0.8276665032573307
8,38586,MROO,0.4645722968412233,0.006267936503849863,0.4708402333450732
9,16191,GRD,0.4405746953503903,0.6720340739153785,1.1126087692657687
9,16191,ROBD-SUM,0.4442845413606627,0.3288867226368141,0.7731712639974768
9,16191,ROBD-MAX,0.44368002145401336,0.3526305974338795,0.7963106188878928
9,16191,MROO,0.48807283915507366,0.004914235703083601,0.49298707485815724
10,50498,GRD,0.3027556917067946,1.0246395988858237,1.3273952905926183
10,50498,ROBD-SUM,0.30851312896905614,0.49035604093557594,0.7988691699046321
10,50498,ROBD-MAX,0.30755163222927107,0.526809877567695,0.8343615097969661
10,50498,MROO,0.3681686827891502,0.008091503450997815,0.376260186240148
11,40464,GRD,0.37484582664418076,0.8377427630870364,1.2125885897312172
11,40464,ROBD-SUM,0.3795524580989939,0.404055217539641,0.783607675638635
11,40464,ROBD-MAX,0.37879597146267907,0.4329099193313084,0.8117058907939875
11,40464,MROO,0.4308976876228516,0.006731934508896432,0.437629622131748
12,7993,GRD,0.4327316988780023,0.6489560277827187,1.081687726660721
12,7993,ROBD-SUM,0.4363108875486949,0.3167118592406057,0.7530227467893006
12,7993,ROBD-MAX,0.43570985702085147,0.3404574109092063,0.7761672679300577
12,7993,MROO,0.47739425924733925,0.004645045635667626,0.4820393048830069
13,43471,GRD,0.311654798821264,0.9751395449247005,1.2867943437459646
13,43471,ROBD-SUM,0.31716821509251497,0.47300594470480695,0.790174159797322
13,43471,ROBD-MAX,0.31627090887751047,0.5069909506483103,0.8232618595258208
13,43471,MROO,0.37620270323720484,0.007797702970225108,0.3840004062074299
14,21287,GRD,0.4419380832274795,0.6510800134918493,1.0930180967193288
14,21287,ROBD-SUM,0.4455407321690783,0.319147087720248,0.7646878198893263
14,21287,ROBD-MAX,0.44495220247274625,0.34236140154099143,0.7873136040137376
14,21287,MROO,0.48671972891921517,0.004678707232865749,0.4913984361520809
15,42599,GRD,0.3209090922987002,0.9704740527082145,1.2913831450069146
15,42599,ROBD-SUM,0.3263793479667551,0.4702242906140102,0.7966036385807653
15,42599,ROBD-MAX,0.3255004023808275,0.5037138364320994,0.8292142388129269
15,42599,MROO,0.38584459077647626,0.00777069097656371,0.39361528175303995
16,46920,GRD,0.3100919009218685,1.0298277450101803,1.3399196459320488
16,46920,ROBD-SUM,0.31589004470896803,0.4984255412611074,0.8143155859700755
16,46920,ROBD-MAX,0.31495046000125754,0.5344004384776903,0.8493508984789477
16,46920,MROO,0.3786524994998989,0.008101331070232691,0.3867538305701316
17,44435,GRD,0.31007006904948414,0.9758893513252905,1.2859594203747746
17,44435,ROBD-SUM,0.3155907076189943,0.47341593731214393,0.7890066449311383
17,44435,ROBD-MAX,0.31469293061641385,0.5076833738232345,0.8223763044396484
17,44435,MROO,0.37392994072609553,0.0077185863559347595,0.3816485270820303
18,10427,GRD,0.4332773922127183,0.6660800587412611,1.0993574509539794
18,10427,ROBD-SUM,0.4369560827657246,0.3262436344690911,0.7631997172348157
18,10427,ROBD-MAX,0.43635032277158603,0.35000957917839515,0.7863599019499812
18,10427,MROO,0.4798916749900763,0.004829736897291361,0.48472141188736767
19,22561,GRD,0.4429153416211147,0.6588480994674251,1.1017634410885397
19,22561,ROBD-SUM,0.44655577273419567,0.32174816701263553,0.7683039397468312
19,22561,ROBD-MAX,0.4459541353684258,0.3459192895335414,0.7918734249019672
19,22561,MROO,0.48811791268339405,0.004746072279378737,0.4928639849627728
20,27250,GRD,0.43589735837519,0.668770321414415,1.104667679789605
20,27250,ROBD-SUM,0.4396310642371523,0.32830616198235585,0.7679372262195081
20,27250,ROBD-MAX,0.43899498193348113,0.3533192155489342,0.7923141974824153
20,27250,MROO,0.48301815001192855,0.005010812098203678,0.48802896211013225
21,39362,GRD,0.4009049730774545,0.7897987128567932,1.1907036859342477
21,39362,ROBD-SUM,0.4053343651665517,0.38169747333090914,0.7870318384974608
21,39362,ROBD-MAX,0.40462996676738355,0.40854582246764853,0.8131757892350321
21,39362,MROO,0.4541528872914248,0.006312580387374378,0.46046546767879915
22,32712,GRD,0.42370926120950503,0.662641819703825,1.0863510809133299
22,32712,ROBD-SUM,0.4274214060670286,0.3255632715244589,0.7529846775914875
22,32712,ROBD-MAX,0.4267929944069493,0.3497801582660004,0.7765731526729497
22,32712,MROO,0.4718256324414851,0.005126962238337988,0.4769525946798231
23,41718,GRD,0.3434562018012013,0.9189844725243256,1.2624406743255268
23,41718,ROBD-SUM,0.34863517959017987,0.44478899728860294,0.7934241768787829
23,41718,ROBD-MAX,0.34780123804009816,0.4765855701003525,0.8243868081404506
23,41718,MROO,0.40566870790866993,0.007436358101681355,0.4131050660103513
24,23315,GRD,0.4427634388202918,0.6618449093303042,1.104608348150596
24,23315,ROBD-SUM,0.44643243895805634,0.3244245149191217,0.7708569538771781
24,23315,ROBD-MAX,0.44582737300796194,0.3485908640017067,0.7944182370096686
24,23315,MROO,0.4891608396156349,0.004833555908919446,0.4939943955245543
25,29256,GRD,0.4329352136752758,0.6553156562265109,1.0882508699017868
25,29256,ROBD-SUM,0.43661969604303247,0.32279450597904974,0.7594142020220822
25,29256,ROBD-MAX,0.4359752224398719,0.34736095544096485,0.7833361778808368
25,29256,MROO,0.48071463742632714,0.005142847397236204,0.48585748482356333
26,4448,GRD,0.4304700912923515,0.6486338467534659,1.0791039380458174
26,4448,ROBD-SUM,0.4340231619703962,0.3143035237633811,0.7483266857337774
26,4448,ROBD-MAX,0.4334314489200372,0.33801850603026456,0.7714499549503018
26,4448,MROO,0.4741105222962703,0.004586140227286675,0.47869666252355697
27,36280,GRD,0.4185333422506939,0.7482959556736971,1.166829297924391
27,36280,ROBD-SUM,0.42264935465169695,0.36183443944617666,0.7844837940978736
27,36280,ROBD-MAX,0.42199866742196157,0.38678630165512246,0.8087849690770841
27,36280,MROO,0.4688906852854696,0.0055281193427487605,0.4744188046282184
28,9450,GRD,0.43149531342437275,0.6514835072597281,1.082978820684101
28,9450,ROBD-SUM,0.4350906376490918,0.3183148726222598,0.7534055102713516
28,9450,ROBD-MAX,0.43449229137602574,0.3417748529054865,0.7762671442815122
28,9450,MROO,0.4760816283488246,0.004671032096497219,0.48075266044532183
29,47980,GRD,0.3102808189150207,1.0421665986788287,1.3524474175938495
29,47980,ROBD-SUM,0.31614402590823604,0.5027856287937512,0.8189296547019873
29,47980,ROBD-MAX,0.3151908991188602,0.5394593297730169,0.8546502288918771
29,47980,MROO,0.378599837301451,0.008205379297362977,0.386805216598814
30,4770,GRD,0.43144024809422343,0.6423766175590556,1.0738168656532792
30,4770,ROBD-SUM,0.43496449386485847,0.3115822097205747,0.7465467035854332
30,4770,ROBD-MAX,0.43437613142524495,0.33508203879778925,0.7694581702230342
30,4770,MROO,0.474817819244629,0.00455565190779949,0.4793734711524285
31,28240,GRD,0.4343237760611468,0.6598565677886886,1.0941803438498354
31,28240,ROBD-SUM,0.43801695617775055,0.32392201955212835,0.7619389757298789
31,28240,ROBD-MAX,0.4373700316470202,0.349070648915195,0.7864406805622153
31,28240,MROO,0.4814412733529027,0.005046817265062484,0.4864880906179652
32,33335,GRD,0.422164972817762,0.6662204819774045,1.0883854547951666
32,33335,ROBD-SUM,0.4258937834898218,0.32699818949306203,0.7528919729828838
32,33335,ROBD-MAX,0.42526440225577733,0.3512728666492266,0.7765372689050039
32,33335,MROO,0.47033344747790135,0.0051354208127071775,0.4754688682906085
33,24652,GRD,0.44232409264853073,0.6722011298528272,1.114525222501358
33,24652,ROBD-SUM,0.4460594895964809,0.3304732855183492,0.7765327751148301
33,24652,ROBD-MAX,0.44544453854579913,0.3547540452059917,0.8001985837517909
33,24652,MROO,0.4907306272189143,0.0050052762202559544,0.49573590343917023
34,37138,GRD,0.4182192829203642,0.777200310472854,1.1954195933932181
34,37138,ROBD-SUM,0.42251599332115125,0.3765670292304907,0.7990830225516419
34,37138,ROBD-MAX,0.4218372805806725,0.4025578262326245,0.824395106813297
34,37138,MROO,0.47133108178082006,0.005883259038791618,0.47721434081961167
35,46260,GRD,0.30960245845922785,1.0170017123987718,1.3266041708579996
35,46260,ROBD-SUM,0.3153368529305318,0.49213937577836464,0.8074762287088965
35,46260,ROBD-MAX,0.31440547721746814,0.527519518439193,0.8419249956566611
35,46260,MROO,0.3773667943144543,0.008084263861157789,0.3854510581756121
36,22712,GRD,0.44301886645619726,0.658630724132589,1.1016495905887864
36,22712,ROBD-SUM,0.4466591551234617,0.32177998286533244,0.7684391379887942
36,22712,ROBD-MAX,0.44605829543208225,0.34595745145577145,0.7920157468878537
36,22712,MROO,0.48826953856311206,0.0047405326638238115,0.49301007122693585
37,23084,GRD,0.4429742296697831,0.6587919816633265,1.1017662113331097
37,23084,ROBD-SUM,0.4466200212105598,0.3223461786385722,0.768966199849132
37,23084,ROBD-MAX,0.446018583143375,0.34639610847783775,0.7924146916212127
37,23084,MROO,0.48851986733915964,0.004768657918631133,0.49328852525779077
38,39398,GRD,0.4002307827681432,0.7910186925219092,1.1912494752900524
38,39398,ROBD-SUM,0.40466460639099605,0.3821383404853362,0.7868029468763322
38,39398,ROBD-MAX,0.40395876173145395,0.4089387609645857,0.8128975226960397
38,39398,MROO,0.45355499567664737,0.006319370070979117,0.45987436574762647
39,41231,GRD,0.3552708444046553,0.8832681821551044,1.2385390265597596
39,41231,ROBD-SUM,0.3602400500244663,0.42621824009277387,0.7864582901172401
39,41231,ROBD-MAX,0.3594338499413872,0.45696982499936434,0.8164036749407515
39,41231,MROO,0.4146224049094691,0.007127903669199957,0.4217503085786691
40,42859,GRD,0.3169486753259794,0.9797318140992024,1.2966804894251818
40,42859,ROBD-SUM,0.3224688532985523,0.47415154617300753,0.7966203994715598
40,42859,ROBD-MAX,0.3215765816801738,0.5080566300063195,0.8296332116864933
40,42859,MROO,0.38157685273364195,0.007788968377027392,0.38936582111066936
41,14332,GRD,0.4353717024121364,0.6917860039211913,1.1271577063333278
41,14332,ROBD-SUM,0.43921105300902613,0.34037409003717173,0.7795851430461979
41,14332,ROBD-MAX,0.43858124265224213,0.364805217890397,0.8033864605426391
41,14332,MROO,0.484628730688132,0.005103203869242753,0.48973193455737474
42,40318,GRD,0.3784777519358255,0.8307109524810223,1.209188704416848
42,40318,ROBD-SUM,0.38314270056222,0.40065458545924,0.7837972860214599
42,40318,ROBD-MAX,0.3823928845432077,0.4292260906871229,0.8116189752303307
42,40318,MROO,0.4344317168979646,0.006692114737087765,0.44112383163505237
43,24331,GRD,0.4426752912299225,0.6691344269188119,1.1118097181487343
43,24331,ROBD-SUM,0.44639400583459604,0.3288801365494268,0.7752741423840228
43,24331,ROBD-MAX,0.4457801057650599,0.3531683052219811,0.7989484109870411
43,24331,MROO,0.4908654728380487,0.004988366378574053,0.49585383921662274
44,2269,GRD,0.42879620776435057,0.6477058609210813,1.0765020686854319
44,2269,ROBD-SUM,0.4323603451786967,0.3141494462339239,0.7465097914126206
44,2269,ROBD-MAX,0.43175418995777615,0.3381990480251033,0.7699532379828795
44,2269,MROO,0.47289644337486286,0.004660521143780482,0.4775569645186433
45,3517,GRD,0.42888284962325585,0.6443447230380631,1.073227572661319
45,3517,ROBD-SUM,0.4324240276496758,0.3127740680668399,0.7451980957165156
45,3517,ROBD-MAX,0.43182882591591853,0.3363981986614855,0.7682270245774041
45,3517,MROO,0.4729749863001464,0.0046277338050907,0.4776027201052371
46,35114,GRD,0.41969221210003455,0.696418705681526,1.1161109177815605
46,35114,ROBD-SUM,0.4235659851272995,0.3395422212777722,0.7631082064050717
46,35114,ROBD-MAX,0.4229289841520442,0.36425158816357,0.7871805723156142
46,35114,MROO,0.4670486186125865,0.005196383359988298,0.4722450019725748
47,39802,GRD,0.3918176077289828,0.8044934055407217,1.1963110132697046
47,39802,ROBD-SUM,0.3963379331398445,0.38862038448102926,0.7849583176208738
47,39802,ROBD-MAX,0.39561443140308444,0.41609808967110706,0.8117125210741916
47,39802,MROO,0.44602083235304923,0.006470823573939873,0.4524916559269891
48,10082,GRD,0.4328378455985322,0.6596079593030377,1.09244580490157
48,10082,ROBD-SUM,0.43648341898159054,0.3227854776671222,0.7592688966487127
48,10082,ROBD-MAX,0.43587508812232106,0.3465124322403,0.782387520362621
48,10082,MROO,0.47843981552294035,0.004768878016545884,0.48320869353948626
49,6631,GRD,0.43353033133633173,0.6521141723395524,1.0856445036758842
49,6631,ROBD-SUM,0.43712257004521216,0.31819639608001055,0.7553189661252226
49,6631,ROBD-MAX,0.43652525715435647,0.34180797377858374,0.7783332309329403
49,6631,MROO,0.47909959116415185,0.004712631192408369,0.48381222235656024
50,5039,GRD,0.43219405179495884,0.6409283117610483,1.0731223635560072
50,5039,ROBD-SUM,0.43571632541561134,0.3114371220158457,0.7471534474314571
50,5039,ROBD-MAX,0.4351256646373312,0.3348715558735104,0.7699972205108416
50,5039,MROO,0.4756999799169242,0.004565109663564345,0.4802650895804885
51,3955,GRD,0.42984338011498846,0.6497231157545986,1.079566495869587
51,3955,ROBD-SUM,0.4334090693798076,0.3152738192269324,0.74868288860674
51,3955,ROBD-MAX,0.432809793997103,0.33907347042992314,0.7718832644270262
51,3955,MROO,0.4744434846465765,0.004661728580557835,0.47910521322713434
52,35575,GRD,0.41897212350944046,0.7102431379570615,1.129215261466502
52,35575,ROBD-SUM,0.42291179574945204,0.34549254745356994,0.768404343203022
52,35575,ROBD-MAX,0.42226445157861325,0.3704020855099109,0.7926665370885242
52,35575,MROO,0.4671536532047645,0.005296030946852277,0.47244968415161676
53,25902,GRD,0.44034594220855444,0.6683378806338199,1.1086838228423743
53,25902,ROBD-SUM,0.4440634776097872,0.3280737851758884,0.7721372627856756
53,25902,ROBD-MAX,0.44343854333836885,0.3526473181346925,0.7960858614730614
53,25902,MROO,0.4869717151247951,0.004905597642324761,0.4918773127671199
54,43159,GRD,0.31348576710579446,0.9850862474516823,1.2985720145574766
54,43159,ROBD-SUM,0.319040269237402,0.47699767277715427,0.7960379420145562
54,43159,ROBD-MAX,0.31814127996472336,0.511257885398825,0.8293991653635484
54,43159,MROO,0.3782161770246744,0.00781346757982679,0.38602964460450123
55,40052,GRD,0.38537178184862103,0.819218152458287,1.204589934306908
55,40052,ROBD-SUM,0.38996795491098835,0.39504424676439875,0.7850122016753871
55,40052,ROBD-MAX,0.3892315436682256,0.42308937794604984,0.8123209216142755
55,40052,MROO,0.4404183275096593,0.006573763110379468,0.4469920906200388
56,17112,GRD,0.44276996572917404,0.6681001792125381,1.1108701449417122
56,17112,ROBD-SUM,0.44646204164939285,0.3271433993766125,0.7736054410260054
56,17112,ROBD-MAX,0.44585922295498054,0.350746493146787,0.7966057161017676
56,17112,MROO,0.48898026911546594,0.004833645987132097,0.49381391510259803
57,40689,GRD,0.3692710418469858,0.8461855424105575,1.2154565842575433
57,40689,ROBD-SUM,0.3740200722554709,0.40728982888282483,0.7813099011382958
57,40689,ROBD-MAX,0.37325137226858845,0.4366880986081973,0.8099394708767857
57,40689,MROO,0.42572318365041517,0.006802175121917027,0.4325253587723322
58,48735,GRD,0.30847268918804716,1.037723367117745,1.3461960563057922
58,48735,ROBD-SUM,0.31431844875394865,0.500016893460062,0.8143353422140106
58,48735,ROBD-MAX,0.31335550355598757,0.536743597097881,0.8500991006538685
58,48735,MROO,0.37619512818347794,0.008232733018230853,0.3844278612017088
59,34715,GRD,0.41967346982508164,0.6859616936907678,1.1056351635158495
59,34715,ROBD-SUM,0.42349313540493644,0.3347406269614899,0.7582337623664264
59,34715,ROBD-MAX,0.42286077493832314,0.3592641029952431,0.7821248779335662
59,34715,MROO,0.46666139281860347,0.00513841885812466,0.47179981167672813
60,35387,GRD,0.419351419875044,0.7090712813503978,1.1284227012254417
60,35387,ROBD-SUM,0.4232956778077424,0.3457380106553516,0.769033688463094
60,35387,ROBD-MAX,0.4226439742527712,0.3706873550416065,0.7933313292943778
60,35387,MROO,0.46779081378864174,0.005330109588242301,0.47312092337688405
61,23324,GRD,0.4427704385754886,0.6599831289652953,1.102753567540784
61,23324,ROBD-SUM,0.4464288073459307,0.3232823902467112,0.7697111975926418
61,23324,ROBD-MAX,0.4458223854081806,0.34747376363511356,0.7932961490432942
61,23324,MROO,0.4890221954135827,0.004830885005526899,0.49385308041910964
62,11766,GRD,0.43546063073418245,0.6861779470479654,1.1216385777821478
62,11766,ROBD-SUM,0.4392602479635485,0.3361888925334586,0.7754491404970072
62,11766,ROBD-MAX,0.4386236008579196,0.3608824106941368,0.7995060115520565
62,11766,MROO,0.48445221657213616,0.005112550239299791,0.48956476681143596
63,36297,GRD,0.4185051981914574,0.7492955326354976,1.1678007308269551
63,36297,ROBD-SUM,0.42262372430091205,0.36207649469978953,0.7847002190007015
63,36297,ROBD-MAX,0.4219713706525676,0.38713560101142785,0.8091069716639955
63,36297,MROO,0.4689345334724486,0.005535824100997832,0.47447035757344647
64,23990,GRD,0.44288588635235115,0.6670395141458574,1.1099254004982084
64,23990,ROBD-SUM,0.44658871714228254,0.32754273593462274,0.7741314530769052
64,23990,ROBD-MAX,0.4459791745619943,0.3517425591612256,0.7977217337232199
64,23990,MROO,0.49075807091195683,0.004950685681477403,0.4957087565934342
65,50276,GRD,0.30361966368110516,1.0251769276921916,1.3287965913732966
65,50276,ROBD-SUM,0.30938272631777086,0.4911346700859538,0.8005173964037247
65,50276,ROBD-MAX,0.3084212881787981,0.5275926759995062,0.8360139641783043
65,50276,MROO,0.36936925389151015,0.008115868167721434,0.37748512205923157
66,22409,GRD,0.442694401601705,0.6592290707439254,1.1019234723456304
66,22409,ROBD-SUM,0.4463344603488959,0.32175071404102457,0.7680851743899204
66,22409,ROBD-MAX,0.4457335073594136,0.3458934081210027,0.7916269154804163
66,22409,MROO,0.48783873984389964,0.004738908638755356,0.492577648482655
67,45977,GRD,0.30977653196686256,1.0127501486842019,1.3225266806510645
67,45977,ROBD-SUM,0.31547989939957854,0.4897147418399608,0.8051946412395393
67,45977,ROBD-MAX,0.3145522141113722,0.5250734134930655,0.8396256276044376
67,45977,MROO,0.3767185266250604,0.007997779408491999,0.3847163060335524
68,24177,GRD,0.4427934805269663,0.6687247674246699,1.1115182479516363
68,24177,ROBD-SUM,0.4465089771927313,0.3286293912197676,0.7751383684124988
68,24177,ROBD-MAX,0.44589630098252503,0.3529001539125882,0.7987964548951132
68,24177,MROO,0.49073617027993127,0.004966981301878958,0.4957031515818102
69,22657,GRD,0.4429732784248114,0.6581859322094528,1.1011592106342643
69,22657,ROBD-SUM,0.4466135708979907,0.32182940739422977,0.7684429782922204
69,22657,ROBD-MAX,0.4460141110733147,0.3459235668116609,0.7919376778849756
69,22657,MROO,0.4884135277277912,0.004754893094290493,0.4931684208220817
70,6732,GRD,0.43353452771577367,0.6506863937778827,1.0842209214936565
70,6732,ROBD-SUM,0.4371208846224098,0.3175825266379709,0.7547034112603807
70,6732,ROBD-MAX,0.4365230962382965,0.34120720451045206,0.7777303007487486
70,6732,MROO,0.47906406117968037,0.004709072953858877,0.48377313413353923
71,18361,GRD,0.443016602976115,0.6567244051887817,1.0997410081648966
71,18361,ROBD-SUM,0.4466426326131086,0.32118470077905187,0.7678273333921605
71,18361,ROBD-MAX,0.44605292806254143,0.34442067438445306,0.7904736024469945
71,18361,MROO,0.4881119016288196,0.004726079139094463,0.4928379807679141
72,22959,GRD,0.44306417862093866,0.6592552717686633,1.1023194503896019
72,22959,ROBD-SUM,0.44671156831184816,0.3225715535343473,0.7692831218461955
72,22959,ROBD-MAX,0.44611163674851645,0.3466012984821973,0.7927129352307137
72,22959,MROO,0.4887827848513481,0.0047735813201555235,0.4935563661715036
73,36092,GRD,0.4183706529112178,0.7332706657914853,1.151641318702703
73,36092,ROBD-SUM,0.42241444070606365,0.35506656344632354,0.7774810041523872
73,36092,ROBD-MAX,0.4217667178135743,0.3799745265502906,0.801741244363865
73,36092,MROO,0.4679883739809143,0.005451056355564886,0.4734394303364792
74,32642,GRD,0.42400547027646074,0.6637681527193843,1.087773622995845
74,32642,ROBD-SUM,0.4277244614263847,0.32622177297974025,0.753946234406125
74,32642,ROBD-MAX,0.4270958074642947,0.35042541956430195,0.7775212270285967
74,32642,MROO,0.4719149588529061,0.005115817005934107,0.4770307758588402
75,4874,GRD,0.4318805957102074,0.6438213269250851,1.0757019226352926
75,4874,ROBD-SUM,0.43541359597862384,0.3123877406357009,0.7478013366143248
75,4874,ROBD-MAX,0.43482079659394735,0.33596721183621625,0.7707880084301636
75,4874,MROO,0.47552367244384974,0.004580757923476509,0.48010443036732625
76,33874,GRD,0.4208978843193418,0.6676579462849982,1.08855583060434
76,33874,ROBD-SUM,0.42462333792692614,0.3265466309679966,0.7511699688949227
76,33874,ROBD-MAX,0.4239940211592282,0.35087131622397477,0.774865337383203
76,33874,MROO,0.46763011064531745,0.005038997435161475,0.4726691080804789
77,8557,GRD,0.4326066878888961,0.6470587650484201,1.0796654529373162
77,8557,ROBD-SUM,0.4361687749950318,0.3154123139114683,0.7515810889065001
77,8557,ROBD-MAX,0.43557550614393953,0.3387241609010861,0.7742996670450256
77,8557,MROO,0.4763034222153208,0.0045752236510399535,0.48087864586636075
78,11759,GRD,0.43546076476856993,0.6851074180757563,1.1205681828443261
78,11759,ROBD-SUM,0.43925098630599846,0.33547481229036413,0.7747257985963626
78,11759,ROBD-MAX,0.43861847020347605,0.3600871886695795,0.7987056588730556
78,11759,MROO,0.48438112128508604,0.005097046379314363,0.4894781676644004
79,28717,GRD,0.43341729870110884,0.6573798413531345,1.0907971400542433
79,28717,ROBD-SUM,0.4370992275815771,0.3231497530834747,0.7602489806650519
79,28717,ROBD-MAX,0.4364582297002018,0.34784210462892445,0.7843003343291263
79,28717,MROO,0.48106870238683985,0.0050807911245418615,0.4861494935113817
80,39261,GRD,0.40271130570599234,0.7925420254208945,1.195253331126887
80,39261,ROBD-SUM,0.4071536907104582,0.38325963580258315,0.7904133265130413
80,39261,ROBD-MAX,0.4064503476334302,0.4101247304046395,0.8165750780380696
80,39261,MROO,0.4561799779865868,0.006314585304973492,0.4624945632915603
81,38512,GRD,0.41104250643676626,0.7985837720146148,1.2096262784513812
81,38512,ROBD-SUM,0.41549967820999195,0.38659057623981596,0.8020902544498079
81,38512,ROBD-MAX,0.4147927090957317,0.41363954657441954,0.8284322556701512
81,38512,MROO,0.46545748558385597,0.006276933304283723,0.4717344188881397
82,43142,GRD,0.3136540447238215,0.9857269736631601,1.2993810183869816
82,43142,ROBD-SUM,0.31920979055623006,0.47721638767369046,0.7964261782299205
82,43142,ROBD-MAX,0.31831210587780456,0.5114162411935085,0.829728347071313
82,43142,MROO,0.37837824974818013,0.007808682569887378,0.3861869323180675
83,25787,GRD,0.44043767779227905,0.668928562636014,1.109366240428293
83,25787,ROBD-SUM,0.4441555999681052,0.328291975610962,0.7724475755790672
83,25787,ROBD-MAX,0.4435333152591449,0.3528227898561766,0.7963561051153215
83,25787,MROO,0.4869995547136625,0.004888937546747925,0.4918884922604104
84,43634,GRD,0.31083443197253635,0.9785376656129775,1.2893720975855139
84,43634,ROBD-SUM,0.3163648763612189,0.4748471734498924,0.7912120498111113
84,43634,ROBD-MAX,0.3154686829071371,0.5088260574796709,0.824294740386808
84,43634,MROO,0.3756535621298366,0.00780678231503748,0.38346034444487404
85,18850,GRD,0.44169814574582217,0.6525195918167724,1.0942177375625946
85,18850,ROBD-SUM,0.4453071118829989,0.31954359849210995,0.7648507103751088
85,18850,ROBD-MAX,0.4447200595135833,0.34273475359323735,0.7874548131068206
85,18850,MROO,0.4865675920973574,0.0046950707294698855,0.4912626628268273
86,18996,GRD,0.4418639805277643,0.6550057734379099,1.0968697539656742
86,18996,ROBD-SUM,0.4454884577497351,0.32072465862112043,0.7662131163708555
86,18996,ROBD-MAX,0.4448937710126326,0.34406570506347145,0.7889594760761041
86,18996,MROO,0.48710037472650713,0.004745514933340006,0.49184588965984716
87,50128,GRD,0.3042964441718448,1.0264986084320715,1.3307950526039163
87,50128,ROBD-SUM,0.3100681471432225,0.4920264614807637,0.8020946086239862
87,50128,ROBD-MAX,0.3091067082926046,0.5284948566402321,0.8376015649328368
87,50128,MROO,0.37005344744441787,0.008120827616898215,0.37817427506131607
88,16882,GRD,0.4430805826240763,0.6674350209089128,1.110515603532989
88,16882,ROBD-SUM,0.4467648918771602,0.32650132068397564,0.7732662125611358
88,16882,ROBD-MAX,0.44616313760851956,0.350014374706658,0.7961775123151775
88,16882,MROO,0.4892472327572029,0.004824325715668247,0.49407155847287115
89,4618,GRD,0.4308143829352709,0.6435945801629932,1.074408963098264
89,4618,ROBD-SUM,0.43434567337498103,0.3119706557607329,0.746316329135714
89,4618,ROBD-MAX,0.4337557892278043,0.33553115286501684,0.7692869420928211
89,4618,MROO,0.47417934212458485,0.004570442367592473,0.4787497844921773
90,19195,GRD,0.44233065097791935,0.6581278895377041,1.1004585405156235
90,19195,ROBD-SUM,0.44597268028238257,0.322442807110848,0.7684154873932305
90,19195,ROBD-MAX,0.445377707139292,0.3458520179485358,0.7912297250878277
90,19195,MROO,0.48803655379053273,0.004778620916433255,0.492815174706966
91,26567,GRD,0.43825295070277576,0.6690487128061645,1.1073016635089403
91,26567,ROBD-SUM,0.44197613697853605,0.3281375156545122,0.7701136526330483
91,26567,ROBD-MAX,0.44134720882963296,0.35294846087381027,0.7942956697034432
91,26567,MROO,0.4850486573202957,0.004953585432693633,0.4900022427529893
92,9818,GRD,0.4317979013926588,0.6592959843272003,1.091093885719859
92,9818,ROBD-SUM,0.43543944756375824,0.32242634863165825,0.7578657961954165
92,9818,ROBD-MAX,0.4348342438361459,0.3461187684035313,0.7809530122396772
92,9818,MROO,0.47708396513068063,0.004736171064675913,0.4818201361953565
93,38083,GRD,0.4141570284742104,0.7946655377687523,1.2088225662429626
93,38083,ROBD-SUM,0.4185832956082517,0.3849365642806086,0.8035198598888602
93,38083,ROBD-MAX,0.4178801080726812,0.4118441815463227,0.8297242896190039
93,38083,MROO,0.46877491893743983,0.0062175718170968015,0.47499249075453664
94,28315,GRD,0.4340593379266634,0.6625266897988762,1.0965860277255395
94,28315,ROBD-SUM,0.43776888311298584,0.3253007961844946,0.7630696792974805
94,28315,ROBD-MAX,0.4371180009691619,0.35054397977306007,0.787661980742222
94,28315,MROO,0.4813019219566369,0.005068950995220832,0.4863708729518577
95,47795,GRD,0.3102342817457959,1.040387743742491,1.350622025488287
95,47795,ROBD-SUM,0.31609551272245723,0.502273019025359,0.8183685317478162
95,47795,ROBD-MAX,0.3151359772363468,0.5390110398640131,0.8541470171003599
95,47795,MROO,0.37847029291058953,0.008215496378003655,0.3866857892885932
96,19196,GRD,0.44233242369387205,0.659116489294324,1.1014489129881961
96,19196,ROBD-SUM,0.4459798983685493,0.3229121402681422,0.7688920386366915
96,19196,ROBD-MAX,0.4453834885130596,0.3463896474432418,0.7917731359563014
96,19196,MROO,0.48806611288411506,0.004783404108009961,0.49284951699212504
97,20835,GRD,0.44180167192383196,0.6517707657407772,1.0935724376646092
97,20835,ROBD-SUM,0.44540535416819305,0.3194333760374875,0.7648387302056805
97,20835,ROBD-MAX,0.44481789758314455,0.34261255868937324,0.7874304562725178
97,20835,MROO,0.48681338063680524,0.004691284052041558,0.4915046646888468
98,8328,GRD,0.43231530439890337,0.6515546953501707,1.0838699997490742
98,8328,ROBD-SUM,0.43590392869357225,0.31755087409883287,0.7534548027924051
98,8328,ROBD-MAX,0.4353017576854335,0.3413842593993058,0.7766860170847393
98,8328,MROO,0.4766855185480124,0.004631628300743239,0.48131714684875565
99,44446,GRD,0.31006921199460175,0.9744426986913366,1.2845119106859384
99,44446,ROBD-SUM,0.3155826765921469,0.4727251675517564,0.7883078441439033
99,44446,ROBD-MAX,0.31468508616076496,0.506961761176684,0.821646847337449
99,44446,MROO,0.37392501686710605,0.007721696945591938,0.381646713812698
