window,start_time,algorithm,hitting_cost,long_term_cost,total_cost
1,2143200000000,MROO,0.002429827016512401,0.001093792610708282,0.003523619627220683
1,2143200000000,ROBD-SUM,0.0019261386714568662,0.00431682608707679,0.006242964758533656
1,2143200000000,ROBD-MAX,0.0019066973721204175,0.00527758268550087,0.0071842800576212874
1,2143200000000,GREEDY,0.0018895868055555523,0.007409875734542815,0.009299462540098367
2,2143800000000,MROO,0.002469364756678094,0.0011088162434248448,0.0035781810001029386
2,2143800000000,ROBD-SUM,0.0019481902830434166,0.0043229127506413745,0.006271103033684791
2,2143800000000,ROBD-MAX,0.0019266785955738097,0.005299383511641813,0.007226062107215622
2,2143800000000,GREEDY,0.001907456597222219,0.007411363213361356,0.009318819810583575
3,2149500000000,MROO,0.0025306174894417065,0.0010981016637505259,0.003628719153192232
3,2149500000000,ROBD-SUM,0.0020536799237029276,0.004385986368291242,0.0064396662919941694
3,2149500000000,ROBD-MAX,0.002038028102238502,0.005252428933922432,0.007290457036160934
3,2149500000000,GREEDY,0.002021210763888885,0.007537111304803913,0.009558322068692799
4,2150100000000,MROO,0.0025636961583243145,0.0011298563871722958,0.0036935525454966102
4,2150100000000,ROBD-SUM,0.0020522614393533615,0.004285455896276988,0.0063377173356303496
4,2150100000000,ROBD-MAX,0.002035847526655991,0.005182730032721665,0.007218577559377656
4,2150100000000,GREEDY,0.002021546874999997,0.007273196077065964,0.00929474295206596
5,2154000000000,MROO,0.0024516033620009905,0.0011245645086403507,0.003576167870641341
5,2154000000000,ROBD-SUM,0.001937469975614042,0.004499281919929812,0.006436751895543854
5,2154000000000,ROBD-MAX,0.0019128944053338768,0.005464343120857921,0.007377237526191798
5,2154000000000,GREEDY,0.0018871958333333298,0.007653296030068809,0.00954049186340214
6,2154900000000,MROO,0.002391772933835176,0.0010789561630707694,0.0034707290969059456
6,2154900000000,ROBD-SUM,0.00191909450553325,0.004425621236158128,0.0063447157416913775
6,2154900000000,ROBD-MAX,0.001900284429156326,0.005401210855794,0.007301495284950326
6,2154900000000,GREEDY,0.00188023645833333,0.007662213886570517,0.009542450344903846
7,2156100000000,MROO,0.002408275022833845,0.0011028789395672515,0.0035111539624010967
7,2156100000000,ROBD-SUM,0.0019179570593134783,0.004505410910118126,0.006423367969431605
7,2156100000000,ROBD-MAX,0.0018984599971252783,0.0055096800151494384,0.0074081400122747165
7,2156100000000,GREEDY,0.0018801361111111079,0.007694699862654603,0.00957483597376571
8,2172300000000,MROO,0.002346734275885431,0.0011193576720828467,0.003466091947968278
8,2172300000000,ROBD-SUM,0.0018584127920952666,0.0046210747874282625,0.006479487579523529
8,2172300000000,ROBD-MAX,0.0018375473846074704,0.0057587533247361496,0.00759630070934362
8,2172300000000,GREEDY,0.0018200413194444415,0.007880368091409944,0.009700409410854385
9,2175000000000,MROO,0.0023654403775117735,0.0011374512881960899,0.003502891665707863
9,2175000000000,ROBD-SUM,0.0018574271111628164,0.004590385294980884,0.006447812406143701
9,2175000000000,ROBD-MAX,0.0018397083857770486,0.0056566287474408014,0.00749633713321785
9,2175000000000,GREEDY,0.0018252197916666633,0.007852498912790936,0.0096777187044576
10,2177400000000,MROO,0.002388421652513749,0.0011524813677749079,0.003540903020288657
10,2177400000000,ROBD-SUM,0.0018822012180905688,0.004590747469776416,0.006472948687866985
10,2177400000000,ROBD-MAX,0.0018614404670334326,0.005716490757541019,0.0075779312245744515
10,2177400000000,GREEDY,0.0018422253472222191,0.007857761219931987,0.009699986567154206
11,2182200000000,MROO,0.002666718407996177,0.0013070770031332333,0.0039737954111294105
11,2182200000000,ROBD-SUM,0.002025705555282203,0.004669476184732615,0.006695181740014818
11,2182200000000,ROBD-MAX,0.001979680610591542,0.006102714457735463,0.008082395068327005
11,2182200000000,GREEDY,0.0019493777777777749,0.007882430915809233,0.009831808693587008
12,2186100000000,MROO,0.002778334401910631,0.0013126171399454772,0.004090951541856108
12,2186100000000,ROBD-SUM,0.0021323440970234878,0.004674888280551205,0.006807232377574693
12,2186100000000,ROBD-MAX,0.0020820936023644293,0.006107982609203571,0.008190076211568
12,2186100000000,GREEDY,0.002048567013888886,0.00787740716659191,0.009925974180480796
13,2194500000000,MROO,0.0024737369942425297,0.0013174696755423715,0.0037912066697849012
13,2194500000000,ROBD-SUM,0.0018280911085453303,0.004673453963109401,0.006501545071654732
13,2194500000000,ROBD-MAX,0.001784105349639782,0.00592904436643386,0.007713149716073642
13,2194500000000,GREEDY,0.0017509815972222198,0.007882108160971256,0.009633089758193476
14,2198700000000,MROO,0.002435512288279684,0.0013279962341233487,0.0037635085224030328
14,2198700000000,ROBD-SUM,0.001784785192689251,0.004678205563253552,0.006462990755942803
14,2198700000000,ROBD-MAX,0.0017382029902310808,0.005946486591958957,0.007684689582190037
14,2198700000000,GREEDY,0.0017033784722222194,0.007881041666723999,0.009584420138946219
15,2202900000000,MROO,0.0023954433715215884,0.0013249119846049228,0.003720355356126511
15,2202900000000,ROBD-SUM,0.0017433358215796853,0.0046787785248957,0.0064221143464753844
15,2202900000000,ROBD-MAX,0.0016971254817714657,0.005972959038970273,0.0076700845207417385
15,2202900000000,GREEDY,0.0016637749999999971,0.007888058076245399,0.009551833076245396
16,2205900000000,MROO,0.0023431849794943896,0.001279473972863319,0.0036226589523577083
16,2205900000000,ROBD-SUM,0.001722558872714939,0.004661289618889344,0.0063838484916042834
16,2205900000000,ROBD-MAX,0.0016845399781952903,0.005832205299319767,0.007516745277515057
16,2205900000000,GREEDY,0.0016531010416666637,0.007877800085525112,0.009530901127191776
17,2208000000000,MROO,0.002377196798844988,0.0012890629282477151,0.0036662597270927027
17,2208000000000,ROBD-SUM,0.001747532493047908,0.004668281753361417,0.006415814246409326
17,2208000000000,ROBD-MAX,0.0017059923575550209,0.005919807670594736,0.007625800028149757
17,2208000000000,GREEDY,0.0016743944444444416,0.007884170985370543,0.009558565429814985
18,2209200000000,MROO,0.0023728108659931612,0.0012721454257151878,0.003644956291708349
18,2209200000000,ROBD-SUM,0.0017532153887552288,0.004661951168803533,0.006415166557558761
18,2209200000000,ROBD-MAX,0.0017144829475785324,0.005846072407888619,0.0075605553554671506
18,2209200000000,GREEDY,0.0016825253472222195,0.00787649503335413,0.00955902038057635
19,2210700000000,MROO,0.00235581387634517,0.0012405178469700425,0.0035963317233152128
19,2210700000000,ROBD-SUM,0.0017597168995946765,0.004655542761404194,0.006415259660998871
19,2210700000000,ROBD-MAX,0.0017239016143760465,0.005834797956412439,0.007558699570788485
19,2210700000000,GREEDY,0.001694658680555553,0.007878543824934376,0.009573202505489929
20,2213700000000,MROO,0.0023628034175135273,0.0012126389999982483,0.003575442417511776
20,2213700000000,ROBD-SUM,0.0017897194324743427,0.004644242093126227,0.00643396152560057
20,2213700000000,ROBD-MAX,0.0017607443711135035,0.005843348618624641,0.0076040929897381445
20,2213700000000,GREEDY,0.001738061805555553,0.007887679190131246,0.0096257409956868
21,2224800000000,MROO,0.002530685048984847,0.0011769247643678973,0.0037076098133527443
21,2224800000000,ROBD-SUM,0.00197757416367309,0.0046572357319833195,0.0066348098956564095
21,2224800000000,ROBD-MAX,0.001942159092533729,0.005868374953829857,0.007810534046363586
21,2224800000000,GREEDY,0.001913018402777775,0.007887075778912397,0.009800094181690172
22,2225700000000,MROO,0.0024296798420745266,0.0010568723890130778,0.0034865522310876043
22,2225700000000,ROBD-SUM,0.001962176097476644,0.004408021701857046,0.006370197799333691
22,2225700000000,ROBD-MAX,0.0019422610335560367,0.005517963934570611,0.007460224968126648
22,2225700000000,GREEDY,0.0019223013888888861,0.00788032599295281,0.009802627381841697
23,2226300000000,MROO,0.002444731094020242,0.0010412919696838696,0.003486023063704112
23,2226300000000,ROBD-SUM,0.001968600929868666,0.0034906370096685732,0.005459237939537239
23,2226300000000,ROBD-MAX,0.00195574939007393,0.004081649915949644,0.006037399306023573
23,2226300000000,GREEDY,0.0019432972222222194,0.005601157622477853,0.007544454844700073
24,2229300000000,MROO,0.002614302696837106,0.0012802330294630392,0.003894535726300145
24,2229300000000,ROBD-SUM,0.001989568668076102,0.004647984287747831,0.006637552955823933
24,2229300000000,ROBD-MAX,0.001957265591222113,0.0058512880819893325,0.007808553673211446
24,2229300000000,GREEDY,0.0019330895833333305,0.007848218902982882,0.009781308486316212
25,2234400000000,MROO,0.0025243647553368507,0.0012951339742365074,0.003819498729573358
25,2234400000000,ROBD-SUM,0.0019016150481709214,0.004800664557711957,0.006702279605882879
25,2234400000000,ROBD-MAX,0.0018534886149439078,0.0061336002685156415,0.007987088883459548
25,2234400000000,GREEDY,0.0018169864583333307,0.008029887778311009,0.00984687423664434
26,2239200000000,MROO,0.002286880755614209,0.001118694979822055,0.003405575735436264
26,2239200000000,ROBD-SUM,0.0017990907769804916,0.0040637964653711545,0.005862887242351646
26,2239200000000,ROBD-MAX,0.0017844670523040884,0.004897207187455334,0.006681674239759423
26,2239200000000,GREEDY,0.0017720659722222196,0.006653155967659694,0.008425221939881914
27,2239500000000,MROO,0.0023038772032299057,0.0011538213744763269,0.0034576985777062326
27,2239500000000,ROBD-SUM,0.0018007165881055482,0.004311494327330305,0.006112210915435854
27,2239500000000,ROBD-MAX,0.0017853266827330282,0.00520184761648761,0.006987174299220638
27,2239500000000,GREEDY,0.0017720659722222196,0.007063475596471265,0.008835541568693485
28,2240700000000,MROO,0.0023602793974570897,0.001198153997030383,0.003558433394487473
28,2240700000000,ROBD-SUM,0.001837913131500409,0.004785903023022118,0.006623816154522527
28,2240700000000,ROBD-MAX,0.0018183659516916406,0.005897314251129456,0.007715680202821096
28,2240700000000,GREEDY,0.0018001315972222195,0.008102549715314648,0.009902681312536868
29,2250900000000,MROO,0.0023380477477195315,0.0011218660079333176,0.003459913755652849
29,2250900000000,ROBD-SUM,0.0018467021884848642,0.004024530181790362,0.005871232370275227
29,2250900000000,ROBD-MAX,0.0018326178668878884,0.004774239053338142,0.00660685692022603
29,2250900000000,GREEDY,0.0018196420138888864,0.006572242733058889,0.008391884746947775
30,2252400000000,MROO,0.002409872473848807,0.0012429737153920636,0.0036528461892408708
30,2252400000000,ROBD-SUM,0.001857093983914244,0.004833463980642019,0.006690557964556263
30,2252400000000,ROBD-MAX,0.0018389896489693874,0.005755949310526287,0.007594938959495675
30,2252400000000,GREEDY,0.0018193666666666641,0.008108120744474636,0.0099274874111413
31,2260800000000,MROO,0.0024088811326825462,0.0012755511684318403,0.0036844323011143865
31,2260800000000,ROBD-SUM,0.0018323027312066016,0.004898080491078323,0.006730383222284924
31,2260800000000,ROBD-MAX,0.0018108661984394736,0.005989982796235211,0.007800848994674685
31,2260800000000,GREEDY,0.0017923357638888863,0.008220130706074295,0.010012466469963182
32,2263200000000,MROO,0.002483567859141564,0.0013571035145397091,0.0038406713736812734
32,2263200000000,ROBD-SUM,0.0018476806558451557,0.004935929755434472,0.006783610411279628
32,2263200000000,ROBD-MAX,0.0018125100710641232,0.006169136498532425,0.007981646569596549
32,2263200000000,GREEDY,0.0017851506944444422,0.008233510999031607,0.010018661693476049
33,2267400000000,MROO,0.00251672570658473,0.001494861216232516,0.0040115869228172455
33,2267400000000,ROBD-SUM,0.0017862447450265684,0.004984182633897165,0.006770427378923733
33,2267400000000,ROBD-MAX,0.0017320300007076452,0.006416676402409897,0.008148706403117541
33,2267400000000,GREEDY,0.001697127430555553,0.008255760033623974,0.009952887464179527
34,2269500000000,MROO,0.0023800034275823826,0.0014677669774979453,0.003847770405080328
34,2269500000000,ROBD-SUM,0.0016644209743150982,0.004979197400148685,0.006643618374463783
34,2269500000000,ROBD-MAX,0.0016118177554363703,0.006393572079045295,0.008005389834481666
34,2269500000000,GREEDY,0.0015768031249999972,0.008250708218768566,0.009827511343768563
35,2269800000000,MROO,0.002362388033968555,0.001463664726793902,0.003826052760762457
35,2269800000000,ROBD-SUM,0.0016492600562371135,0.004976278109333016,0.00662553816557013
35,2269800000000,ROBD-MAX,0.0015984103799484774,0.006381656395235248,0.007980066775183725
35,2269800000000,GREEDY,0.0015645083333333306,0.008252139566310929,0.00981664789964426
36,2270400000000,MROO,0.002347565599609367,0.0014661475476941783,0.0038137131473035455
36,2270400000000,ROBD-SUM,0.0016326554989607954,0.004977001044265087,0.006609656543225883
36,2270400000000,ROBD-MAX,0.0015823667164519219,0.006376878472666139,0.00795924518911806
36,2270400000000,GREEDY,0.0015485274305555529,0.008251971172482418,0.00980049860303797
37,2274000000000,MROO,0.0019945582307984698,0.001166486707735692,0.003161044938534162
37,2274000000000,ROBD-SUM,0.0014916865783229426,0.004467803843955052,0.005959490422277994
37,2274000000000,ROBD-MAX,0.0014791947821183743,0.005101399396668985,0.006580594178787359
37,2274000000000,GREEDY,0.0014617614583333307,0.007477977005357582,0.008939738463690913
38,2275200000000,MROO,0.002027470341807128,0.001221064601281622,0.0032485349430887503
38,2275200000000,ROBD-SUM,0.0014959222003948962,0.004801717045515161,0.006297639245910057
38,2275200000000,ROBD-MAX,0.0014809155479176507,0.0056201879133233774,0.007101103461241028
38,2275200000000,GREEDY,0.001463714930555553,0.008150120971869746,0.009613835902425299
39,2284500000000,MROO,0.002198563715135881,0.0014402431016334975,0.0036388068167693783
39,2284500000000,ROBD-SUM,0.001497188141874819,0.005000607633278465,0.006497795775153284
39,2284500000000,ROBD-MAX,0.001451132847068403,0.0062910912200114955,0.007742224067079899
39,2284500000000,GREEDY,0.0014169385416666646,0.008290687720221509,0.009707626261888173
40,2285100000000,MROO,0.002191399648417133,0.0014325695128064768,0.00362396916122361
40,2285100000000,ROBD-SUM,0.0014967888688804058,0.004998326496408198,0.006495115365288604
40,2285100000000,ROBD-MAX,0.0014513124245933986,0.0063161292653684305,0.007767441689961829
40,2285100000000,GREEDY,0.0014182548611111092,0.008291529689364079,0.009709784550475187
41,2294400000000,MROO,0.002191461072399417,0.0014347571082997457,0.0036262181806991627
41,2294400000000,ROBD-SUM,0.0014939180831182884,0.005003623129651781,0.00649754121277007
41,2294400000000,ROBD-MAX,0.001447644197158809,0.006377180652041944,0.007824824849200752
41,2294400000000,GREEDY,0.0014157506944444413,0.008300356332542003,0.009716107026986444
42,2298300000000,MROO,0.0021474225225623315,0.0013979259452759354,0.0035453484678382666
42,2298300000000,ROBD-SUM,0.001473504593930103,0.005008950859770705,0.006482455453700808
42,2298300000000,ROBD-MAX,0.0014304134466898441,0.006491621175702998,0.007922034622392842
42,2298300000000,GREEDY,0.0014025920138888857,0.008325797833466604,0.00972838984735549
43,2304300000000,MROO,0.0021638416312282456,0.0013938862122972308,0.003557727843525476
43,2304300000000,ROBD-SUM,0.0014955167729046896,0.00500301116045088,0.0064985279333555695
43,2304300000000,ROBD-MAX,0.001455728922452138,0.006469868523901361,0.007925597446353499
43,2304300000000,GREEDY,0.0014294309027777744,0.008325952194476073,0.009755383097253848
44,2305500000000,MROO,0.0021667676317082287,0.0014047702986131213,0.00357153793032135
44,2305500000000,ROBD-SUM,0.0014923605168974997,0.0050065965309154595,0.006498957047812959
44,2305500000000,ROBD-MAX,0.0014511806477115845,0.006470711587528505,0.00792189223524009
44,2305500000000,GREEDY,0.0014237454861111077,0.008327187082551845,0.009750932568662954
45,2315100000000,MROO,0.0018807149877692391,0.0007827701651269617,0.002663485152896201
45,2315100000000,ROBD-SUM,0.0015466315236358458,0.003199150845155916,0.0047457823687917615
45,2315100000000,ROBD-MAX,0.0015356944276138053,0.003813266023822634,0.005348960451436439
45,2315100000000,GREEDY,0.0015247913194444416,0.005389963695883661,0.006914755015328102
46,2319600000000,MROO,0.0019749421688022217,0.0009584057778099898,0.0029333479466122116
46,2319600000000,ROBD-SUM,0.0015693295152192019,0.004630897913532644,0.006200227428751846
46,2319600000000,ROBD-MAX,0.0015511424743346097,0.00584178480231168,0.00739292727664629
46,2319600000000,GREEDY,0.001535907986111108,0.008012515148336015,0.009548423134447122
47,2321700000000,MROO,0.0018909190561638943,0.0007546470895484529,0.002645566145712347
47,2321700000000,ROBD-SUM,0.001566401174265923,0.0027826174827382173,0.00434901865700414
47,2321700000000,ROBD-MAX,0.001555862138205146,0.0033646619150801025,0.0049205240532852485
47,2321700000000,GREEDY,0.0015472843749999967,0.0045769021605436295,0.006124186535543626
48,2325000000000,MROO,0.0021528941324902924,0.001093590629407592,0.003246484761897884
48,2325000000000,ROBD-SUM,0.001656443966119839,0.004203004101436626,0.005859448067556465
48,2325000000000,ROBD-MAX,0.0016408471973389173,0.005210404172873991,0.006851251370212908
48,2325000000000,GREEDY,0.0016281027777777747,0.007271624401333124,0.0088997271791109
49,2337900000000,MROO,0.0023860595448515565,0.000871669198245771,0.0032577287430973273
49,2337900000000,ROBD-SUM,0.0020152022928408998,0.003803221419156899,0.005818423711997799
49,2337900000000,ROBD-MAX,0.0020021464442342785,0.0046371302796844194,0.006639276723918698
49,2337900000000,GREEDY,0.001990107638888885,0.006662221168761348,0.008652328807650232
50,2354100000000,MROO,0.0030453251363814966,0.0011808085854133833,0.00422613372179488
50,2354100000000,ROBD-SUM,0.0024698598841615777,0.004260098608162215,0.006729958492323793
50,2354100000000,ROBD-MAX,0.0024349800281104135,0.005424076841023762,0.007859056869134176
50,2354100000000,GREEDY,0.002408260416666662,0.007247530051036611,0.009655790467703273
51,2354700000000,MROO,0.003059908951221426,0.001187896792558468,0.004247805743779894
51,2354700000000,ROBD-SUM,0.002476577614334505,0.004256856046986765,0.00673343366132127
51,2354700000000,ROBD-MAX,0.0024416663091726912,0.005371350836957006,0.007813017146129697
51,2354700000000,GREEDY,0.0024150513888888843,0.00724040137896287,0.009655452767851755
52,2363100000000,MROO,0.002987526885575622,0.001015315247608638,0.00400284213318426
52,2363100000000,ROBD-SUM,0.002533737045648214,0.0039026298814756524,0.006436366927123866
52,2363100000000,ROBD-MAX,0.0025221650802522482,0.004519669989561586,0.007041835069813834
52,2363100000000,GREEDY,0.0025078052083333286,0.006551628521885014,0.009059433730218343
53,2371800000000,MROO,0.003135284614532585,0.001212440218874171,0.004347724833406756
53,2371800000000,ROBD-SUM,0.0025343030887806394,0.00423213099888922,0.006766434087669859
53,2371800000000,ROBD-MAX,0.0024909396997980057,0.005495518391355275,0.007986458091153281
53,2371800000000,GREEDY,0.002461806249999995,0.007188115095209387,0.009649921345209382
54,2374500000000,MROO,0.0030769038962914874,0.001209849284268039,0.0042867531805595264
54,2374500000000,ROBD-SUM,0.002477412217505188,0.004233258078564626,0.006710670296069815
54,2374500000000,ROBD-MAX,0.0024335029069794682,0.0055137824854056584,0.007947285392385126
54,2374500000000,GREEDY,0.002404493402777773,0.007188325587495034,0.009592818990272808
55,2375700000000,MROO,0.0030572345819032815,0.00120854856754517,0.004265783149448451
55,2375700000000,ROBD-SUM,0.002456170652026251,0.00423142472798741,0.0066875953800136605
55,2375700000000,ROBD-MAX,0.002413016092954248,0.005483428314601239,0.007896444407555488
55,2375700000000,GREEDY,0.0023840923611111067,0.007186922305590752,0.009571014666701858
56,2378400000000,MROO,0.0030124693145762785,0.0012037873499949447,0.004216256664571223
56,2378400000000,ROBD-SUM,0.0024134053343082,0.004228012066729455,0.006641417401037655
56,2378400000000,ROBD-MAX,0.002372206308619448,0.005424342614329952,0.0077965489229493996
56,2378400000000,GREEDY,0.0023428239583333297,0.007185294498581785,0.009528118456915115
57,2379300000000,MROO,0.0029867948895600494,0.0011939058885150724,0.0041807007780751216
57,2379300000000,ROBD-SUM,0.002397408737680155,0.004227637395878937,0.006625046133559092
57,2379300000000,ROBD-MAX,0.0023564728420490105,0.005431299982322404,0.007787772824371414
57,2379300000000,GREEDY,0.0023267673611111076,0.0071844805950773,0.009511247956188407
58,2382600000000,MROO,0.002948001415851112,0.0011897415238556518,0.004137742939706764
58,2382600000000,ROBD-SUM,0.0023603980402842014,0.0042138975500218955,0.0065742955903060965
58,2382600000000,ROBD-MAX,0.002323798367138751,0.005347766979995437,0.007671565347134188
58,2382600000000,GREEDY,0.0022962798611111074,0.0071740542105285,0.009470334071639608
59,2385000000000,MROO,0.0029276675757770195,0.00119784030565587,0.004125507881432889
59,2385000000000,ROBD-SUM,0.0023343559956443163,0.004219280775031608,0.006553636770675924
59,2385000000000,ROBD-MAX,0.0022950037278747512,0.005344071496098378,0.0076390752239731295
59,2385000000000,GREEDY,0.002264950347222219,0.007171458139005578,0.009436408486227798
60,2390700000000,MROO,0.0028680654060365346,0.0011436804340191821,0.0040117458400557165
60,2390700000000,ROBD-SUM,0.002312034791291176,0.0041963892232068055,0.0065084240144979814
60,2390700000000,ROBD-MAX,0.002282303698194165,0.005170544026524522,0.007452847724718687
60,2390700000000,GREEDY,0.002255901736111108,0.007160302047866555,0.009416203783977662
61,2395200000000,MROO,0.0028965499949563005,0.0011860819545608263,0.004082631949517127
61,2395200000000,ROBD-SUM,0.0023148474087081893,0.0042234690311805535,0.006538316439888742
61,2395200000000,ROBD-MAX,0.002274530430621199,0.005476455494604793,0.0077509859252259915
61,2395200000000,GREEDY,0.002246813541666664,0.007184634956086784,0.009431448497753448
62,2399700000000,MROO,0.002874139585288297,0.0011738602538863187,0.004047999839174615
62,2399700000000,ROBD-SUM,0.0022885510126878198,0.0042113190966752275,0.006499870109363048
62,2399700000000,ROBD-MAX,0.0022485962711120914,0.0054342530844733025,0.007682849355585394
62,2399700000000,GREEDY,0.0022226763888888853,0.007174587457652135,0.00939726384654102
63,2402400000000,MROO,0.0026390725816717937,0.0009262170306256774,0.003565289612297471
63,2402400000000,ROBD-SUM,0.0022411060302996817,0.0037558974218742827,0.005997003452173964
63,2402400000000,ROBD-MAX,0.002229110203710315,0.00448266633001136,0.006711776533721675
63,2402400000000,GREEDY,0.0022166795138888855,0.006534312023186196,0.008750991537075082
64,2402700000000,MROO,0.002647824179515017,0.0009267477848228186,0.0035745719643378356
64,2402700000000,ROBD-SUM,0.002248580224200219,0.003655067467846349,0.005903647692046568
64,2402700000000,ROBD-MAX,0.002236883445417755,0.0043382462611231565,0.006575129706540912
64,2402700000000,GREEDY,0.0022248076388888855,0.006301970638294502,0.008526778277183388
65,2403600000000,MROO,0.0026948825669795133,0.0009715412173249462,0.0036664237843044593
65,2403600000000,ROBD-SUM,0.0022735447358877506,0.0038543423215602127,0.006127887057447963
65,2403600000000,ROBD-MAX,0.0022612577760152052,0.004585192112118133,0.006846449888133338
65,2403600000000,GREEDY,0.002248465277777774,0.006619378972223669,0.008867844250001443
66,2406900000000,MROO,0.002838526631058503,0.0011470747000877643,0.003985601331146267
66,2406900000000,ROBD-SUM,0.0022972921300437404,0.004280234408918007,0.006577526538961747
66,2406900000000,ROBD-MAX,0.002276104596241897,0.005176141192172741,0.007452245788414638
66,2406900000000,GREEDY,0.002255938541666663,0.007296911541248252,0.009552850082914914
67,2409900000000,MROO,0.002872366788345493,0.001234884735808996,0.004107251524154489
67,2409900000000,ROBD-SUM,0.0022705115033127533,0.004389470795043917,0.006659982298356671
67,2409900000000,ROBD-MAX,0.002236726976559984,0.005465028836522221,0.007701755813082205
67,2409900000000,GREEDY,0.0022088045138888854,0.007438699144856734,0.009647503658745619
68,2415600000000,MROO,0.0027304675945055094,0.001294948993407194,0.004025416587912703
68,2415600000000,ROBD-SUM,0.0020959393537764667,0.004517476924867057,0.006613416278643524
68,2415600000000,ROBD-MAX,0.0020578933221889134,0.005634476084056202,0.007692369406245116
68,2415600000000,GREEDY,0.0020264166666666633,0.007603318145047868,0.009629734811714532
69,2421600000000,MROO,0.002537991234075722,0.0012951335064950017,0.003833124740570724
69,2421600000000,ROBD-SUM,0.0019044389852503167,0.004564703798000588,0.006469142783250905
69,2421600000000,ROBD-MAX,0.0018641691108606494,0.005911985449243622,0.0077761545601042715
69,2421600000000,GREEDY,0.0018378416666666637,0.007694377107816627,0.00953221877448329
70,2424300000000,MROO,0.0024469187087733865,0.0012735430237474051,0.003720461732520792
70,2424300000000,ROBD-SUM,0.0018306616106005015,0.0045570270159770825,0.006387688626577584
70,2424300000000,ROBD-MAX,0.0017934312364930305,0.005818795954216335,0.007612227190709366
70,2424300000000,GREEDY,0.001765953819444442,0.007686869549628727,0.009452823369073169
71,2432400000000,MROO,0.002421827454780518,0.0013126779806994613,0.0037345054354799793
71,2432400000000,ROBD-SUM,0.001780227848333353,0.004566514483592583,0.006346742331925936
71,2432400000000,ROBD-MAX,0.0017398727282329422,0.0058969733551779745,0.007636846083410916
71,2432400000000,GREEDY,0.0017130534722222198,0.007695962816368469,0.009409016288590689
72,2434500000000,MROO,0.00243801080955909,0.0013338182382493262,0.003771829047808416
72,2434500000000,ROBD-SUM,0.0017792362212660253,0.004584875705103003,0.006364111926369029
72,2434500000000,ROBD-MAX,0.001732910789256188,0.00594601511417387,0.007678925903430058
72,2434500000000,GREEDY,0.0017020541666666641,0.007705561264593745,0.009407615431260409
73,2436000000000,MROO,0.0023960642599020385,0.0013094361755898877,0.003705500435491926
73,2436000000000,ROBD-SUM,0.0017563303867189374,0.004571477765138363,0.006327808151857301
73,2436000000000,ROBD-MAX,0.0017155113107952505,0.005930562434335238,0.007646073745130488
73,2436000000000,GREEDY,0.0016887916666666648,0.0077030493899850816,0.009391841056651747
74,2439300000000,MROO,0.002418251402680237,0.0013226907347512623,0.003740942137431499
74,2439300000000,ROBD-SUM,0.001767592667209937,0.004576211221283192,0.006343803888493128
74,2439300000000,ROBD-MAX,0.0017240723659779059,0.0059300389858808955,0.0076541113518588015
74,2439300000000,GREEDY,0.0016957475694444424,0.007701996928556871,0.009397744498001313
75,2451600000000,MROO,0.0021058684643981695,0.0011705333281713237,0.0032764017925694935
75,2451600000000,ROBD-SUM,0.0015921243990936593,0.004538505604380611,0.00613063000347427
75,2451600000000,ROBD-MAX,0.001575660193674908,0.005443374935203458,0.007019035128878366
75,2451600000000,GREEDY,0.0015584152777777759,0.007707624088993035,0.00926603936677081
76,2456400000000,MROO,0.0022715083545915816,0.0013438278709190028,0.0036153362255105844
76,2456400000000,ROBD-SUM,0.0016119488243332902,0.004646473076878967,0.006258421901212257
76,2456400000000,ROBD-MAX,0.001570348722485653,0.005965579098686791,0.007535927821172444
76,2456400000000,GREEDY,0.0015408100694444423,0.0078068501524447016,0.009347660221889143
77,2457600000000,MROO,0.00227140204032511,0.001333358762670328,0.0036047608029954378
77,2457600000000,ROBD-SUM,0.0016192769328262416,0.00465535267181073,0.006274629604636972
77,2457600000000,ROBD-MAX,0.0015740537660248824,0.0060475167963426404,0.007621570562367523
77,2457600000000,GREEDY,0.0015433593749999974,0.007812687805166509,0.009356047180166506
78,2458800000000,MROO,0.0022432790421534113,0.0013044051678748822,0.0035476842100282935
78,2458800000000,ROBD-SUM,0.0016110802592015753,0.004638011595886708,0.006249091855088283
78,2458800000000,ROBD-MAX,0.0015733227995870609,0.005995286274719364,0.007568609074306425
78,2458800000000,GREEDY,0.0015472565972222197,0.007809039272215379,0.009356295869437599
79,2459400000000,MROO,0.002251021503676135,0.00130657985809909,0.003557601361775225
79,2459400000000,ROBD-SUM,0.001617505172155325,0.0046385995315343246,0.006256104703689649
79,2459400000000,ROBD-MAX,0.0015786142537282828,0.005976919184441889,0.007555533438170172
79,2459400000000,GREEDY,0.0015516718749999975,0.007807650023130142,0.00935932189813014
80,2469900000000,MROO,0.0023017823555502533,0.0013040245240412936,0.0036058068795915468
80,2469900000000,ROBD-SUM,0.0016701187949225824,0.004624493820293875,0.006294612615216457
80,2469900000000,ROBD-MAX,0.0016346567671156054,0.005826203598986056,0.007460860366101662
80,2469900000000,GREEDY,0.0016072534722222196,0.007786053514623265,0.009393306986845484
81,2473200000000,MROO,0.0023041940842766,0.0013116621765309516,0.0036158562608075515
81,2473200000000,ROBD-SUM,0.0016676384356585166,0.0046293919952094705,0.0062970304308679875
81,2473200000000,ROBD-MAX,0.0016309712424999365,0.005866296576487216,0.007497267818987153
81,2473200000000,GREEDY,0.0016030100694444417,0.007791175493573891,0.009394185563018333
82,2477100000000,MROO,0.002259340389816056,0.0012924258853185874,0.0035517662751346434
82,2477100000000,ROBD-SUM,0.001641652769958872,0.004619476900197772,0.006261129670156644
82,2477100000000,ROBD-MAX,0.0016083542425099628,0.005835533156241187,0.00744388739875115
82,2477100000000,GREEDY,0.0015832722222222193,0.007787849715460738,0.009371121937682957
83,2479500000000,MROO,0.0022900045654675747,0.0013178124084737115,0.003607816973941286
83,2479500000000,ROBD-SUM,0.0016489939891676552,0.004636826506827094,0.00628582049599475
83,2479500000000,ROBD-MAX,0.0016070678368342146,0.005924390596516819,0.007531458433351033
83,2479500000000,GREEDY,0.0015768798611111084,0.007789449456831618,0.009366329317942727
84,2480700000000,MROO,0.002270659891151003,0.0013064158648669957,0.003577075756017999
84,2480700000000,ROBD-SUM,0.0016384308138837301,0.004624416083065216,0.006262846896948946
84,2480700000000,ROBD-MAX,0.0016029733347585763,0.005824903946797077,0.007427877281555653
84,2480700000000,GREEDY,0.001575643055555553,0.0077873445339751955,0.009362987589530749
85,2482800000000,MROO,0.0022804195027842974,0.0013251349072983067,0.003605554410082604
85,2482800000000,ROBD-SUM,0.0016327720211403343,0.00463232809859005,0.0062651001197303845
85,2482800000000,ROBD-MAX,0.0015927074002558303,0.00588623539646367,0.0074789427967195
85,2482800000000,GREEDY,0.0015634607638888864,0.007786825319670616,0.009350286083559502
86,2483100000000,MROO,0.0022780114806972155,0.001324162350195172,0.003602173830892387
86,2483100000000,ROBD-SUM,0.0016302762383642176,0.004632346755184437,0.0062626229935486555
86,2483100000000,ROBD-MAX,0.0015910178990593282,0.0058452714349203115,0.0074362893339796395
86,2483100000000,GREEDY,0.0015606621527777754,0.007785155414204516,0.009345817566982292
87,2502600000000,MROO,0.002110819890907357,0.001074207145924541,0.0031850270368318978
87,2502600000000,ROBD-SUM,0.0016478599356840318,0.004425035639009516,0.006072895574693548
87,2502600000000,ROBD-MAX,0.0016296305205384103,0.005456447987443149,0.007086078507981559
87,2502600000000,GREEDY,0.001612772569444442,0.007546457162286423,0.009159229731730865
88,2510400000000,MROO,0.00220870489656704,0.0011780636664127716,0.0033867685629798113
88,2510400000000,ROBD-SUM,0.0016736622988521997,0.004516545256934363,0.006190207555786562
88,2510400000000,ROBD-MAX,0.0016540852512869587,0.005447708640931046,0.007101793892218005
88,2510400000000,GREEDY,0.0016358555555555528,0.007610138095102664,0.009245993650658218
89,2519400000000,MROO,0.0022941495879783046,0.0012993085894672577,0.0035934581774455625
89,2519400000000,ROBD-SUM,0.0016599106845234897,0.004586421233972031,0.006246331918495521
89,2519400000000,ROBD-MAX,0.0016171864514322098,0.005927597786605995,0.007544784238038205
89,2519400000000,GREEDY,0.0015890284722222194,0.007661301753332729,0.009250330225554949
90,2523600000000,MROO,0.0022841988524616424,0.00131159264164951,0.0035957914941111523
90,2523600000000,ROBD-SUM,0.0016413685358785879,0.004596159315950133,0.006237527851828721
90,2523600000000,ROBD-MAX,0.0015939159341595748,0.0059780706602383955,0.00757198659439797
90,2523600000000,GREEDY,0.0015637243055555525,0.007665048516017155,0.009228772821572707
91,2527800000000,MROO,0.0022791160370500053,0.0012770970592697777,0.003556213096319783
91,2527800000000,ROBD-SUM,0.0016560862566970655,0.004577642431911048,0.006233728688608114
91,2527800000000,ROBD-MAX,0.0016169766460029543,0.005824250856187398,0.007441227502190353
91,2527800000000,GREEDY,0.0015883763888888856,0.007653962588973339,0.009242338977862224
92,2530200000000,MROO,0.0022375859859445455,0.0011974130948789166,0.003434999080823462
92,2530200000000,ROBD-SUM,0.0016804729183953942,0.004557069924330514,0.006237542842725908
92,2530200000000,ROBD-MAX,0.0016525011462017476,0.005699214938372794,0.007351716084574541
92,2530200000000,GREEDY,0.0016284138888888859,0.0076546221314683464,0.009283036020357233
93,2534400000000,MROO,0.0024085566803774485,0.0011423298112686396,0.003550886491646088
93,2534400000000,ROBD-SUM,0.0018861513729273582,0.00453513295873219,0.006421284331659548
93,2534400000000,ROBD-MAX,0.0018619035185159921,0.005544537650743835,0.007406441169259827
93,2534400000000,GREEDY,0.0018405909722222194,0.007626851182582638,0.009467442154804858
94,2550900000000,MROO,0.0028188894342456522,0.0012566211300343094,0.004075510564279961
94,2550900000000,ROBD-SUM,0.0022059049367395187,0.0044845920584070725,0.006690496995146591
94,2550900000000,ROBD-MAX,0.0021697286759334317,0.005666899314959624,0.007836627990893056
94,2550900000000,GREEDY,0.0021423826388888853,0.0075243554722939955,0.00966673811118288
95,2554500000000,MROO,0.0028306439622157696,0.0012813372835426906,0.00411198124575846
95,2554500000000,ROBD-SUM,0.0022003897368804365,0.00449435354248204,0.006694743279362476
95,2554500000000,ROBD-MAX,0.0021598700111817547,0.005671052788810617,0.007830922799992372
95,2554500000000,GREEDY,0.0021283423611111077,0.007521717302313945,0.009650059663425054
96,2563200000000,MROO,0.0026709126955099575,0.0012385041312778405,0.003909416826787798
96,2563200000000,ROBD-SUM,0.0020713898056751077,0.004484299100709597,0.006555688906384704
96,2563200000000,ROBD-MAX,0.0020382837261643783,0.005608583823580945,0.007646867549745324
96,2563200000000,GREEDY,0.0020107302083333303,0.007528495153911625,0.009539225362244955
97,2573700000000,MROO,0.002170338825731353,0.0008057025448629623,0.0029760413705943152
97,2573700000000,ROBD-SUM,0.001820689926789391,0.003325724748301821,0.005146414675091212
97,2573700000000,ROBD-MAX,0.0018103636616280468,0.0039605999006003985,0.005770963562228445
97,2573700000000,GREEDY,0.0017984076388888855,0.0059538725291187235,0.007752280168007609
98,2582400000000,MROO,0.00256519367679601,0.0011641565477286608,0.0037293502245246708
98,2582400000000,ROBD-SUM,0.0020006225383522543,0.004322216700293626,0.006322839238645881
98,2582400000000,ROBD-MAX,0.001970649224100286,0.005452574699195333,0.007423223923295618
98,2582400000000,GREEDY,0.0019456434027777742,0.00734692450831679,0.009292567911094564
99,2585100000000,MROO,0.0026121993752476224,0.0011532226167668487,0.003765421992014471
99,2585100000000,ROBD-SUM,0.0020546512350169814,0.004316867749290187,0.006371518984307168
99,2585100000000,ROBD-MAX,0.0020261376215802043,0.005423857777070901,0.007449995398651106
99,2585100000000,GREEDY,0.0020023864583333297,0.0073417744637280825,0.009344160922061412
100,2588700000000,MROO,0.0026733586311191945,0.0010809582132383535,0.003754316844357548
100,2588700000000,ROBD-SUM,0.0021697465891543327,0.004306369297314778,0.006476115886469111
100,2588700000000,ROBD-MAX,0.002145384586494701,0.0053819142499431745,0.0075272988364378755
100,2588700000000,GREEDY,0.002123315972222219,0.007337536552377154,0.009460852524599373
